<?xml version="1.0" encoding="utf-8"?>
<!--View is confirmation-->
<!--Version is 5-2-->
<!--NS is http://www.fpml.org/FpML-5/confirmation-->
<!--
  == Copyright (c) 2002-2011. All rights reserved.
  == Financial Products Markup Language is subject to the FpML public license.
  == A copy of this license is available at http://www.fpml.org/documents/license
  -->
<!--View is reporting-->
<!--Version is 5-0-->
<!--NS is http://www.fpml.org/FpML-5/reporting-->
<!--Omit some adjustments, details of procedures, and other information not required for a report-->
<!--5.0:Message type is a Root of the message-->
<!--5.0 Messaging: changed <contractCreated> -><executionAdvice>-->
<executionAdvice xmlns="http://www.fpml.org/FpML-5/confirmation" xmlns:xsi="http://www.w3.org/2001/XMLSchema-instance" fpmlVersion="5-2" xsi:schemaLocation="http://www.fpml.org/FpML-5/confirmation ../../fpml-main-5-2.xsd http://www.w3.org/2000/09/xmldsig# ../../xmldsig-core-schema.xsd">
  <header>
<!--5.0: conversationId added-->
<!--5.0 Messaging: <correlationId> is used instead of <conversationId>-->
<!--conversationId conversationIdScheme="http://www.imgr.com/schemes/conversation-id">IM/F001</conversationId-->
    <messageId messageIdScheme="http://www.imgr.com/schemes/message-id">IM/60</messageId>
    <sentBy>IMGRUS6S</sentBy>
    <sendTo>CUSTUS3T</sendTo>
    <creationTimestamp>2009-09-01T10:03:09.000-08:00</creationTimestamp>
  </header>
<!--5.0: tradeReference - added - Do you need it in this conversation?-->
<!--5.0 Messaging: added
                <isCorrection>
                <correlationId>
                <sequenceNumber>
        -->
  <isCorrection>false</isCorrection>
  <correlationId correlationIdScheme="http://www.imgr.com/schemes/correlation-id">IM/F001</correlationId>
  <sequenceNumber>4</sequenceNumber>
<!--5.0 Messaging: <contract> substituted by a choice
                <trade>
                <amendment>
                <increase>
                <novation>
                <termination>
        -->
  <trade>
<!--5.0 Messaging: change  <header> -> <tradeHeader>-->
    <tradeHeader>
<!--FpML 5.0 Renamed from "identifier" to "partyTradeIdentifier"-->
      <partyTradeIdentifier>
        <partyReference href="_fund" />
<!--5.0 Messaging: change  <versionedContractId> -> <versionedTradeId>-->
        <versionedTradeId>
<!--5.0 Messaging: change  <contractId contractIdScheme=""> -> <tradeId tradeIdScheme="">-->
          <tradeId tradeIdScheme="http://www.swift.com/coding-scheme/contract-id">CONTR3456</tradeId>
          <version>1</version>
        </versionedTradeId>
      </partyTradeIdentifier>
<!--5.0: changed <contractDate> -<tradeDate>-->
      <tradeDate>2009-09-01</tradeDate>
    </tradeHeader>
    <creditDefaultSwap>
      <productType>CDX</productType>
      <generalTerms>
        <effectiveDate>
          <unadjustedDate>2009-09-01</unadjustedDate>
          <dateAdjustments>
            <businessDayConvention>FOLLOWING</businessDayConvention>
            <businessCentersReference href="BCNYLO" />
          </dateAdjustments>
        </effectiveDate>
        <scheduledTerminationDate>
<!--5.0: Removed <adjustableDate> container -->
          <unadjustedDate>2012-06-20</unadjustedDate>
          <dateAdjustments>
            <businessDayConvention>FOLLOWING</businessDayConvention>
            <businessCenters id="BCNYLO">
              <businessCenter>USNY</businessCenter>
              <businessCenter>GBLO</businessCenter>
            </businessCenters>
          </dateAdjustments>
        </scheduledTerminationDate>
<!--FpML 5.0: Messaging: buyerPartyReference moved a head sellerPartyReference-->
        <buyerPartyReference href="_broker" />
        <sellerPartyReference href="_fund" />
        <indexReferenceInformation>
          <indexName>CDX-NAIGHVOLS10.5Y</indexName>
          <indexId indexIdScheme="http://www.fpml.org/spec/2003/instrument-id-RED-1-0">2I65B3BA0</indexId>
          <indexSeries>10</indexSeries>
          <indexAnnexVersion>2</indexAnnexVersion>
          <indexAnnexDate>2007-03-06</indexAnnexDate>
          <excludedReferenceEntity>
            <entityId entityIdScheme="http://www.fpml.org/spec/2003/instrument-id-RED-1-0" />
          </excludedReferenceEntity>
        </indexReferenceInformation>
      </generalTerms>
      <feeLeg>
        <initialPayment>
          <payerPartyReference href="_fund" />
          <receiverPartyReference href="_broker" />
          <paymentAmount>
            <currency>USD</currency>
            <amount>387300.00</amount>
          </paymentAmount>
        </initialPayment>
        <periodicPayment>
          <paymentFrequency>
            <periodMultiplier>3</periodMultiplier>
            <period>M</period>
          </paymentFrequency>
          <firstPeriodStartDate>2009-06-20</firstPeriodStartDate>
          <firstPaymentDate>2009-09-20</firstPaymentDate>
          <rollConvention>20</rollConvention>
          <fixedAmountCalculation>
            <calculationAmount>
              <currency>USD</currency>
              <amount>70000000.00</amount>
            </calculationAmount>
            <fixedRate>0.023</fixedRate>
            <dayCountFraction>ACT/360</dayCountFraction>
          </fixedAmountCalculation>
        </periodicPayment>
      </feeLeg>
      <protectionTerms>
        <calculationAmount id="calculationAmount">
          <currency>USD</currency>
          <amount>70000000.00</amount>
        </calculationAmount>
        <creditEvents>
<!--5.0 product: "bankruptcy" element's type changed from empty -> Boolean-->
          <bankruptcy>true</bankruptcy>
          <failureToPay>
<!--5.0: Added Boolean element "applicable"-->
            <applicable>true</applicable>
            <paymentRequirement>
              <currency>USD</currency>
              <amount>1000000.00</amount>
            </paymentRequirement>
          </failureToPay>
<!--5.0 product: "obligationAcceleration" element's type changed from empty -> Boolean-->
          <obligationAcceleration>true</obligationAcceleration>
<!--5.0 product "repudiationMoratorium" element's type changed from empty -> Boolean-->
          <repudiationMoratorium>true</repudiationMoratorium>
          <restructuring>
<!--5.0 product: Added Boolean element "applicable"-->
            <applicable>true</applicable>
            <restructuringType>ModR</restructuringType>
          </restructuring>
          <creditEventNotice>
            <notifyingParty>
              <buyerPartyReference href="_broker" />
            </notifyingParty>
            <publiclyAvailableInformation>
<!--5.0 product:  "standardPublicSources" element's type changed from empty -> Boolean-->
              <standardPublicSources>true</standardPublicSources>
              <specifiedNumber>2</specifiedNumber>
            </publiclyAvailableInformation>
          </creditEventNotice>
        </creditEvents>
        <obligations>
          <category>Bond</category>
<!--5.0 Product: "notSubordinated" element's type changed from empty -> Boolean-->
          <notSubordinated>true</notSubordinated>
<!--5.0 Product: "notDomesticCurrency" element became a container. Added Boolean element "applicable"-->
          <notDomesticCurrency>
            <applicable>true</applicable>
          </notDomesticCurrency>
<!--5.0 product: "notDomesticLaw" element's type changed empty -> Boolean-->
          <notDomesticLaw>true</notDomesticLaw>
<!--5.0 product: "notDomesticIssuance" element's type changed from empty -> Boolean-->
          <notDomesticIssuance>true</notDomesticIssuance>
        </obligations>
      </protectionTerms>
      <physicalSettlementTerms>
        <settlementCurrency>USD</settlementCurrency>
        <physicalSettlementPeriod>
<!--5.0 product: "businessDaysNotSpecified" element's type changed from empty -> Boolean-->
          <businessDaysNotSpecified>true</businessDaysNotSpecified>
        </physicalSettlementPeriod>
        <deliverableObligations>
          <accruedInterest>false</accruedInterest>
          <category>Bond</category>
<!--5.0 product: "notSubordinated" element's type changed from empty -> Boolean-->
          <notSubordinated>true</notSubordinated>
<!--5.0 product: "specifiedCurrency" element became a container. Added Boolean element "applicable"-->
          <specifiedCurrency>
            <applicable>true</applicable>
          </specifiedCurrency>
<!--5.0 product: "notDomesticLaw" element's type changed from empty -> Boolean-->
          <notDomesticLaw>true</notDomesticLaw>
<!--5.0 product: "notContingent" element's type changed from empty -> Boolean-->
          <notContingent>true</notContingent>
<!--5.0 product: "notDomesticIssuance" element's type changed from empty -> Boolean-->
          <notDomesticIssuance>true</notDomesticIssuance>
<!--5.0 product "transferable" element's type changed from empty -> Boolean-->
          <transferable>true</transferable>
<!--5.0 product: "notBearer" element's type changed from empty -> Boolean-->
          <notBearer>true</notBearer>
        </deliverableObligations>
        <escrow>true</escrow>
      </physicalSettlementTerms>
    </creditDefaultSwap>
    <documentation>
      <masterConfirmation>
        <masterConfirmationType>DJ.CDX.NA</masterConfirmationType>
        <masterConfirmationDate>2009-05-22</masterConfirmationDate>
      </masterConfirmation>
    </documentation>
  </trade>
  <party id="_fund">
    <partyId>IMGRUS6S</partyId>
    <partyName>INVEST MGR</partyName>
  </party>
  <party id="_broker">
    <partyId>BROKUS33</partyId>
    <partyName>BROKER 33</partyName>
  </party>
  <party id="_cust">
    <partyId>CUSTUS3T</partyId>
    <partyName>Custodian</partyName>
  </party>
  <account id="_FUNDACCT">
    <accountId accountIdScheme="http://www.imgr.com/schemes/account-id">FUND100</accountId>
    <accountBeneficiary href="_fund" />
  </account>
  <account id="_CUSTACCT">
    <accountId accountIdScheme="http://www.custodian.com/account-id">98765</accountId>
    <accountBeneficiary href="_cust" />
  </account>
</executionAdvice>

