<?xml version="1.0" encoding="utf-8"?>
<!--View is confirmation-->
<!--Version is 5-2-->
<!--NS is http://www.fpml.org/FpML-5/confirmation-->
<!--
        == Copyright (c) 2002-2011. All rights reserved.
        == Financial Products Markup Language is subject to the FpML public license.
        == A copy of this license is available at http://www.fpml.org/documents/license
-->
<maturityNotification xmlns="http://www.fpml.org/FpML-5/confirmation" xmlns:xsi="http://www.w3.org/2001/XMLSchema-instance" fpmlVersion="5-2" xsi:schemaLocation="http://www.fpml.org/FpML-5/confirmation ../../fpml-main-5-2.xsd http://www.w3.org/2000/09/xmldsig# ../../xmldsig-core-schema.xsd">
  <header>
    <messageId messageIdScheme="http://www.amag.com/coding-scheme/message-id">0485674</messageId>
    <sentBy>CCSTUS6S</sentBy>
    <sendTo>AMAGGB22XXX</sendTo>
    <creationTimestamp>2010-09-10T15:00:00-00:00</creationTimestamp>
  </header>
  <isCorrection>false</isCorrection>
  <correlationId correlationIdScheme="http://www.imgr.com/schemes/correlation-id">CORR019</correlationId>
  <sequenceNumber>4</sequenceNumber>
  <onBehalfOf>
    <partyReference href="SKY" />
  </onBehalfOf>
  <optionExpiry>
    <tradeIdentifier>
      <partyReference href="SKY" />
      <tradeId tradeIdScheme="http://www.swift.com/coding-scheme/contract-id">IRS2</tradeId>
    </tradeIdentifier>
    <date>2010-12-05</date>
    <time>02:00:00Z</time>
  </optionExpiry>
  <party id="SKY">
    <partyId partyIdScheme="http://www.sky.org/coding-schem/code-id">SkyLTD</partyId>
    <partyName>Sky Limited</partyName>
  </party>
</maturityNotification>

