<?xml version="1.0" encoding="utf-8"?>
<!--View is confirmation-->
<!--Version is 5-2-->
<!--NS is http://www.fpml.org/FpML-5/confirmation-->
<!--
        == Copyright (c) 2002-2011. All rights reserved.
        == Financial Products Markup Language is subject to the FpML public license.
        == A copy of this license is available at http://www.fpml.org/documents/license
-->
<requestExecution xmlns="http://www.fpml.org/FpML-5/confirmation" xmlns:xsi="http://www.w3.org/2001/XMLSchema-instance" fpmlVersion="5-2" xsi:schemaLocation="http://www.fpml.org/FpML-5/confirmation ../../fpml-main-5-2.xsd http://www.w3.org/2000/09/xmldsig# ../../xmldsig-core-schema.xsd">
  <header>
    <messageId messageIdScheme="http://www.amag.com/coding-scheme/message-id">0485674</messageId>
    <sentBy>CCSTUS6S</sentBy>
    <sendTo>AMAGGB22XXX</sendTo>
    <creationTimestamp>2010-09-08T14:30:00-00:00</creationTimestamp>
  </header>
  <isCorrection>false</isCorrection>
  <correlationId correlationIdScheme="http://www.imgr.com/schemes/correlation-id">CORR019</correlationId>
  <sequenceNumber>2</sequenceNumber>
  <optionExercise>
    <optionSeller href="SKY" />
<!-- Added , Optional -->
    <optionBuyer href="AMAG" />
<!-- Added , Optional -->
    <tradeIdentifier>
      <partyReference href="SKY" />
      <tradeId tradeIdScheme="http://www.swift.com/coding-scheme/contract-id">IRS2</tradeId>
    </tradeIdentifier>
    <exerciseDate>2010-08-13</exerciseDate>
<!-- choice of expiry or full exercise or (partial exercise - shown below) -->
    <exerciseInNumberOfOptions>1000</exerciseInNumberOfOptions>
    <outstandingNumberOfOptions>0</outstandingNumberOfOptions>
<!-- OR alternatlively can using notional amount:               
                        <exerciseInNotionalAmount>
                                <currency>JPY</currency>
                                <amount>10000000000</amount>
                        </exerciseInNotionalAmount>
                        <outstandingNotionalAmount>
                                <currency>JPY</currency>
                                <amount>0</amount>
                        </outstandingNotionalAmount>
                -->
    <settlementType>Cash</settlementType>
<!-- uses FpML enumeration: SettlementTypeEnum -->
    <payment>
      <payerPartyReference href="AMAG" />
      <receiverPartyReference href="SKY" />
      <paymentDate>
        <adjustableDate>
          <unadjustedDate>2010-08-13</unadjustedDate>
          <dateAdjustments>
            <businessDayConvention>NONE</businessDayConvention>
          </dateAdjustments>
        </adjustableDate>
      </paymentDate>
      <paymentAmount>
        <currency>USD</currency>
        <amount>100000</amount>
      </paymentAmount>
    </payment>
  </optionExercise>
  <party id="AMAG">
    <partyId>AMAGGB22</partyId>
    <partyName>International Bank Asset Management</partyName>
  </party>
  <party id="SKY">
    <partyId partyIdScheme="http://www.sky.org/coding-schem/code-id">SkyLTD</partyId>
    <partyName>Sky Limited</partyName>
  </party>
</requestExecution>

