<?xml version="1.0" encoding="utf-8"?>
<!--View is confirmation-->
<!--Version is 5-2-->
<!--NS is http://www.fpml.org/FpML-5/confirmation-->
<!--
        == Copyright (c) 2002-2011. All rights reserved.
        == Financial Products Markup Language is subject to the FpML public license.
        == A copy of this license is available at http://www.fpml.org/license/license.html
-->
<!-- This example is an FX OTC Euro Range Binary Option
  == UBS buys a two week GBP/USD European Range binary option and pays a premium.
  == At expiry, if the spot rate is below the higher trigger rate, and above the lower trigger rate, UBS receives a payout.
  -->
<!--5.0:Message type is a Root of the message-->
<!--5.0 Messaging: changed <requestTradeConfirmation> -><requestConfirmation>-->
<requestConfirmation xmlns="http://www.fpml.org/FpML-5/confirmation" xmlns:xsi="http://www.w3.org/2001/XMLSchema-instance" fpmlVersion="5-2" xsi:schemaLocation="http://www.fpml.org/FpML-5/confirmation ../../fpml-main-5-2.xsd http://www.w3.org/2000/09/xmldsig# ../../xmldsig-core-schema.xsd">
  <header>
    <messageId messageIdScheme="http://www.citi.com/coding-scheme/messageId">FX109876</messageId>
    <sentBy messageAddressScheme="http://www.citi.com/partyId">CITI10015</sentBy>
    <sendTo messageAddressScheme="http://www.citi.com/partyId">UBSW20015</sendTo>
    <creationTimestamp>2001-11-12T08:57:00Z</creationTimestamp>
  </header>
  <isCorrection>false</isCorrection>
  <correlationId correlationIdScheme="http://www.citi.com/coding-scheme/correlationId">FX01234</correlationId>
  <sequenceNumber>1</sequenceNumber>
  <trade>
    <tradeHeader>
      <partyTradeIdentifier>
        <partyReference href="party1" />
        <tradeId tradeIdScheme="http://www.citi.com/fx/trade-id">CITI10015</tradeId>
      </partyTradeIdentifier>
      <partyTradeIdentifier>
        <partyReference href="party2" />
        <tradeId tradeIdScheme="http://www.ubsw.com/fx/trade-id">UBSW20015</tradeId>
      </partyTradeIdentifier>
      <tradeDate>2001-11-12</tradeDate>
    </tradeHeader>
    <fxDigitalOption>
      <productType productTypeScheme="http://www.sample.com/coding-scheme/product-type-simple">EuroRangeBinary</productType>
      <buyerPartyReference href="party2" />
      <sellerPartyReference href="party1" />
<!--FpML-5-0 Created specific exercise type e.g. europeanExercise, americanExercise. 'expiryDateTime': 'expiryDate',  'expiryTime', 'cutName' and  'valueDate' was moved in here-->
      <europeanExercise>
        <expiryDate>2001-11-26</expiryDate>
        <expiryTime>
          <hourMinuteTime>14:00:00</hourMinuteTime>
          <businessCenter>GBLO</businessCenter>
        </expiryTime>
        <cutName>LondonEveningPgm</cutName>
        <valueDate>2001-11-26</valueDate>
      </europeanExercise>
<!--FpML-5-1 'expiryDateTime': 'expiryDate',  'expiryTime', 'cutName' was moved inside exercise style type (e.g. europeanExercise)-->
<!--FpML-5-1 Created specific exercise type e.g. europeanExercise, americanExercise-->
<!--FpML-5-1 'valueDate' was moved inside exercise style type (e.g. europeanExercise)-->
<!--FpML-5-1 renamed 'fxEuropeanTrigger' to 'trigger' and grouped it , so it would appear only with 'europeanExercise'. -->
      <trigger>
        <triggerCondition>Above</triggerCondition>
        <quotedCurrencyPair>
          <currency1>GBP</currency1>
          <currency2>USD</currency2>
          <quoteBasis>Currency2PerCurrency1</quoteBasis>
        </quotedCurrencyPair>
        <triggerRate>1.4800</triggerRate>
<!-- ? FpML 5-1, 'spotRate' was moved under  under specific exercise's conditions (trigger or touch) under which the option will payout if exercisable -->
        <spotRate>1.4800</spotRate>
        <informationSource>
          <rateSource>Reuters</rateSource>
          <rateSourcePage>GBP=</rateSourcePage>
        </informationSource>
      </trigger>
      <trigger>
        <triggerCondition>Below</triggerCondition>
        <quotedCurrencyPair>
          <currency1>GBP</currency1>
          <currency2>USD</currency2>
          <quoteBasis>Currency2PerCurrency1</quoteBasis>
        </quotedCurrencyPair>
        <triggerRate>1.5500</triggerRate>
<!-- ? FpML 5-1, 'spotRate' was moved under  under specific exercise's conditions (trigger or touch) under which the option will payout if exercisable -->
        <spotRate>1.4800</spotRate>
        <informationSource>
          <rateSource>Reuters</rateSource>
          <rateSourcePage>GBP=</rateSourcePage>
        </informationSource>
      </trigger>
<!--FpML-5-1 renamed  'triggerPayout' to 'payout'-->
      <payout>
        <currency>GBP</currency>
        <amount>1250000</amount>
        <payoutStyle>Immediate</payoutStyle>
      </payout>
<!--FpML-5-1 Renamed from 'fxOptionPremium' to 'premium'-->
      <premium>
        <payerPartyReference href="party2" />
        <receiverPartyReference href="party1" />
<!--FpML-5-1 Renamed from 'premiumSettlementDate' to 'settlementDate'-->
<!--09-02-2010 - renamed from 'settlementDate' to 'paymentDate/adjustableDate/unadjustedDate'; moved before 'paymentAmount'; allows dateAdjustments and relativeDate reference-->
        <paymentDate>
          <adjustableDate>
            <unadjustedDate>2001-11-14</unadjustedDate>
            <dateAdjustments>
              <businessDayConvention>NONE</businessDayConvention>
            </dateAdjustments>
          </adjustableDate>
        </paymentDate>
<!--FpML-5-1 Renamed from 'premiumAmount' to 'amount'-->
<!--09-02-2010 - renamed from 'amount' to 'paymentAmount'; moved after 'paymentDate'-->
        <paymentAmount>
          <currency>GBP</currency>
          <amount>43000</amount>
        </paymentAmount>
      </premium>
    </fxDigitalOption>
  </trade>
  <party id="party1">
    <partyId>CITIUS33</partyId>
  </party>
  <party id="party2">
    <partyId>UBSWGB2L</partyId>
  </party>
</requestConfirmation>

