<?xml version="1.0" encoding="utf-8"?>
<!--View is confirmation-->
<!--Version is 5-2-->
<!--NS is http://www.fpml.org/FpML-5/confirmation-->
<!--
        == Copyright (c) 2002-2011. All rights reserved.
        == Financial Products Markup Language is subject to the FpML public license.
        == A copy of this license is available at http://www.fpml.org/license/license.html
-->
<!-- 
  == Example 13 Double Knockout Barrier FX Option
  ==              Trade Date      : 2002-01-03
  ==              Expiry Date     : 2002-03-04
  ==              Expiry Time     : 10:00
  ==              Option Buyer    : DB
  ==              Option Seller   : Party A
  ==              Double Barrier Option   : 2.5b JPY Put on 23,798,191.34 USD @ 105.05 strike w/ knockout at 102 & 115
  ==              Option Premium  : 192,765.35 USD (0.81% of USD)
  ==              Premium Payment: 2002-01-07
  ==              Value Date      : 2002-03-06
  ==              Business Center : New York
  ==              Reference Spot : 106
  -->
<!--With forward starting, the deal needs to be updated on/after the strike date to add (Initial Price) and replace with (Equity Notional) numeric values, so there are two samples for the same deal – pre and post.-->
<!--5.0:Message type is a Root of the message-->
<!--5.0 Messaging: changed <requestTradeConfirmation> -><requestConfirmation>-->
<requestConfirmation xmlns="http://www.fpml.org/FpML-5/confirmation" xmlns:xsi="http://www.w3.org/2001/XMLSchema-instance" fpmlVersion="5-2" xsi:schemaLocation="http://www.fpml.org/FpML-5/confirmation ../../fpml-main-5-2.xsd http://www.w3.org/2000/09/xmldsig# ../../xmldsig-core-schema.xsd">
  <header>
    <messageId messageIdScheme="http://www.db.com/coding-scheme/messageId">FX109876</messageId>
    <sentBy messageAddressScheme="http://www.db.com/partyId">DEUTDEFF</sentBy>
    <sendTo messageAddressScheme="http://www.db.com/partyId">PARTYAUS33</sendTo>
    <creationTimestamp>2002-01-03T08:57:00Z</creationTimestamp>
  </header>
  <isCorrection>false</isCorrection>
  <correlationId correlationIdScheme="http://www.db.com/coding-scheme/correlationId">FX01234</correlationId>
  <sequenceNumber>1</sequenceNumber>
  <trade>
    <tradeHeader>
      <partyTradeIdentifier>
        <partyReference href="party1" />
        <tradeId tradeIdScheme="http://www.partyA.com/swaps/trade-id">PARTYAUS33</tradeId>
      </partyTradeIdentifier>
      <partyTradeIdentifier>
        <partyReference href="party2" />
        <tradeId tradeIdScheme="http://www.db.com/swaps/trade-id">DEUTDEFF</tradeId>
      </partyTradeIdentifier>
      <tradeDate>2002-01-03</tradeDate>
    </tradeHeader>
<!--FpML 5-1 - fxBarrierOption is part of 'fxOption'-->
    <fxOption>
      <productType productTypeScheme="http://www.sample.com/coding-scheme/product-type-simple">DOUBLEBARRIER</productType>
      <buyerPartyReference href="party2" />
      <sellerPartyReference href="party1" />
<!--FpML-5-1 Instead of  'exerciseStyle' Enum, created specific exercise type e.g. europeanExercise, americanExercise. 'expiryDateTime': 'expiryDate',  'expiryTime', 'cutName' and  'valueDate' was moved in here-->
      <europeanExercise>
        <expiryDate>2002-03-04</expiryDate>
        <expiryTime>
          <hourMinuteTime>10:00:00</hourMinuteTime>
          <businessCenter>USNY</businessCenter>
        </expiryTime>
        <valueDate>2002-03-06</valueDate>
      </europeanExercise>
<!--FpML-5-1 'expiryDateTime': 'expiryDate',  'expiryTime', 'cutName' was moved inside exercise style type (e.g. europeanExercise)-->
<!--FpML-5-1 Instead of  'exerciseStyle' Enum, created specific exercise type e.g. europeanExercise, americanExercise-->
<!--FpML-5-1 'valueDate' was renamed to 'latestValueDate' moved inside exercise style type (e.g. europeanExercise)-->
      <putCurrencyAmount>
        <currency>JPY</currency>
        <amount>2500000000</amount>
      </putCurrencyAmount>
      <callCurrencyAmount>
        <currency>USD</currency>
        <amount>23798191.34</amount>
      </callCurrencyAmount>
<!--FpML-5-1 Renamed from 'fxStrikePrice' to 'strike'-->
      <strike>
        <rate>105.05</rate>
        <strikeQuoteBasis>PutCurrencyPerCallCurrency</strikeQuoteBasis>
      </strike>
      <spotRate>106</spotRate>
<!--FpML 5-1 fxSimpleOption product, added new 'feature' structure-->
<!--FpML 5-1 fxBarrierOption product, added 'feature' level to the existing structure-->
      <features>
<!--FpML 5-1 , fxBarrierOption product, renamed 'fxBarrier' to 'barrier' -->
        <barrier>
<!--FpML 5-1 , fxBarrierOption product, renamed 'fxBarrierType' to 'barrierType' -->
          <barrierType>ReverseKnockout</barrierType>
          <quotedCurrencyPair>
            <currency1>USD</currency1>
            <currency2>JPY</currency2>
            <quoteBasis>Currency2PerCurrency1</quoteBasis>
          </quotedCurrencyPair>
          <triggerRate>102</triggerRate>
          <informationSource>
            <rateSource>Reuters</rateSource>
            <rateSourcePage>JPY=</rateSourcePage>
          </informationSource>
        </barrier>
        <barrier>
<!--FpML 5-1 , fxBarrierOption product, renamed 'fxBarrierType' to 'barrierType' -->
          <barrierType>Knockout</barrierType>
          <quotedCurrencyPair>
            <currency1>USD</currency1>
            <currency2>JPY</currency2>
            <quoteBasis>Currency2PerCurrency1</quoteBasis>
          </quotedCurrencyPair>
          <triggerRate>115</triggerRate>
          <informationSource>
            <rateSource>Reuters</rateSource>
            <rateSourcePage>JPY=</rateSourcePage>
          </informationSource>
        </barrier>
      </features>
<!--FpML-5-1 Renamed from 'fxOptionPremium' to 'premium'-->
      <premium>
        <payerPartyReference href="party2" />
        <receiverPartyReference href="party1" />
<!--FpML-5-1 Renamed from 'premiumSettlementDate' to 'settlementDate'-->
<!--09-02-2010 - renamed from 'settlementDate' to 'paymentDate/adjustableDate/unadjustedDate'; moved before 'paymentAmount'; allows dateAdjustments and relativeDate reference-->
        <paymentDate>
          <adjustableDate>
            <unadjustedDate>2002-01-07</unadjustedDate>
            <dateAdjustments>
              <businessDayConvention>NONE</businessDayConvention>
            </dateAdjustments>
          </adjustableDate>
        </paymentDate>
<!--FpML-5-1 Renamed from 'premiumAmount' to 'amount'-->
<!--09-02-2010 - renamed from 'amount' to 'paymentAmount'; moved after 'paymentDate'-->
        <paymentAmount>
          <currency>USD</currency>
          <amount>192765.35</amount>
        </paymentAmount>
        <quote>
          <value>0.0081</value>
          <quoteBasis>PercentageOfCallCurrencyAmount</quoteBasis>
        </quote>
      </premium>
    </fxOption>
  </trade>
  <party id="party1">
    <partyId>PARTYAUS33</partyId>
  </party>
  <party id="party2">
    <partyId>DEUTDEFF</partyId>
  </party>
</requestConfirmation>

