<?xml version="1.0" encoding="utf-8"?>
<!--View is confirmation-->
<!--Version is 5-2-->
<!--NS is http://www.fpml.org/FpML-5/confirmation-->
<!--
        == Copyright (c) 2002-2011. All rights reserved.
        == Financial Products Markup Language is subject to the FpML public license.
        == A copy of this license is available at http://www.fpml.org/license/license.html
-->
<dataDocument xmlns="http://www.fpml.org/FpML-5/confirmation" xmlns:xsi="http://www.w3.org/2001/XMLSchema-instance" fpmlVersion="5-2" xsi:schemaLocation="http://www.fpml.org/FpML-5/confirmation ../../fpml-main-5-2.xsd http://www.w3.org/2000/09/xmldsig# ../../xmldsig-core-schema.xsd">
  <trade>
    <tradeHeader>
      <partyTradeIdentifier>
        <partyReference href="partyA" />
        <tradeId tradeIdScheme="http://www.PartyA.com/com-trade-id">1234</tradeId>
      </partyTradeIdentifier>
      <partyTradeIdentifier>
        <partyReference href="partyB" />
        <tradeId tradeIdScheme="http://www.PartyB.com/com-trade-id">2345</tradeId>
      </partyTradeIdentifier>
      <tradeDate>2009-01-28</tradeDate>
    </tradeHeader>
    <commoditySwap>
      <effectiveDate>
        <adjustableDate>
          <unadjustedDate>2009-03-01</unadjustedDate>
          <dateAdjustments>
            <businessDayConvention>NotApplicable</businessDayConvention>
          </dateAdjustments>
        </adjustableDate>
      </effectiveDate>
      <terminationDate>
        <adjustableDate>
          <unadjustedDate>2009-03-31</unadjustedDate>
          <dateAdjustments>
            <businessDayConvention>NotApplicable</businessDayConvention>
          </dateAdjustments>
        </adjustableDate>
      </terminationDate>
      <settlementCurrency>EUR</settlementCurrency>
      <gasPhysicalLeg>
        <payerPartyReference href="partyA" />
        <receiverPartyReference href="partyB" />
        <deliveryPeriods>
          <periodsSchedule id="deliveryPeriods">
            <periodMultiplier>1</periodMultiplier>
            <period>T</period>
            <balanceOfFirstPeriod>false</balanceOfFirstPeriod>
          </periodsSchedule>
        </deliveryPeriods>
        <gas>
          <type>NaturalGas</type>
        </gas>
        <deliveryConditions>
          <deliveryPoint deliveryPointScheme="http://www.fpml.org/coding-scheme/commodity-delivery-point-gas-1-0">ZBT</deliveryPoint>
          <deliveryType>Firm</deliveryType>
        </deliveryConditions>
        <deliveryQuantity id="deliveryQuantity">
          <physicalQuantity>
            <quantityUnit>GJ</quantityUnit>
            <quantityFrequency>PerCalendarDay</quantityFrequency>
            <quantity>2400.0</quantity>
          </physicalQuantity>
          <totalPhysicalQuantity>
            <quantityUnit>GJ</quantityUnit>
            <quantity>74400.0</quantity>
          </totalPhysicalQuantity>
        </deliveryQuantity>
      </gasPhysicalLeg>
      <fixedLeg>
        <payerPartyReference href="partyB" />
        <receiverPartyReference href="partyA" />
        <calculationPeriodsReference href="deliveryPeriods" />
        <fixedPrice>
          <price>5.0</price>
          <priceCurrency>EUR</priceCurrency>
          <priceUnit>GJ</priceUnit>
        </fixedPrice>
        <quantityReference href="deliveryQuantity" />
        <masterAgreementPaymentDates>true</masterAgreementPaymentDates>
      </fixedLeg>
    </commoditySwap>
    <documentation>
      <masterAgreement>
        <masterAgreementType>ISDA</masterAgreementType>
      </masterAgreement>
      <contractualDefinitions>ISDA2005Commodity</contractualDefinitions>
    </documentation>
  </trade>
  <party id="partyA">
    <partyId>Party_A_BIC_CODE</partyId>
    <partyName>Bank</partyName>
  </party>
  <party id="partyB">
    <partyId>Party_B_BIC_CODE</partyId>
    <partyName>Energy Co.</partyName>
  </party>
</dataDocument>

