<?xml version="1.0" encoding="utf-8"?>
<!--View is confirmation-->
<!--Version is 5-2-->
<!--NS is http://www.fpml.org/FpML-5/confirmation-->
<!--
        == Copyright (c) 2002-2011. All rights reserved.
        == Financial Products Markup Language is subject to the FpML public license.
        == A copy of this license is available at http://www.fpml.org/license/license.html
-->
<!--5.0:Message type is a Root of the message-->
<dataDocument xmlns="http://www.fpml.org/FpML-5/confirmation" xmlns:xsi="http://www.w3.org/2001/XMLSchema-instance" fpmlVersion="5-2" xsi:schemaLocation="http://www.fpml.org/FpML-5/confirmation ../../fpml-main-5-2.xsd http://www.w3.org/2000/09/xmldsig# ../../xmldsig-core-schema.xsd">
  <trade>
    <tradeHeader>
      <partyTradeIdentifier>
        <partyReference href="party1" />
        <tradeId tradeIdScheme="http://www.xyzbank.com/cd-trade-id">xyz1234</tradeId>
      </partyTradeIdentifier>
      <partyTradeIdentifier>
        <partyReference href="party2" />
        <tradeId tradeIdScheme="http://www.abcbank.com/cd-trade-id">abc1234</tradeId>
      </partyTradeIdentifier>
      <tradeDate>2002-12-04</tradeDate>
    </tradeHeader>
    <creditDefaultSwap>
      <generalTerms>
        <effectiveDate>
          <unadjustedDate>2002-12-05</unadjustedDate>
        </effectiveDate>
        <scheduledTerminationDate>
          <unadjustedDate>2007-12-05</unadjustedDate>
        </scheduledTerminationDate>
        <buyerPartyReference href="party1" />
        <sellerPartyReference href="party2" />
        <referenceInformation>
          <referenceEntity id="referenceEntity">
            <entityName>Aiful Corporation</entityName>
            <entityId entityIdScheme="http://www.fpml.org/spec/2003/entity-id-RED-1-0">008FAQ</entityId>
          </referenceEntity>
          <referenceObligation>
            <bond>
              <instrumentId instrumentIdScheme="http://www.fpml.org/spec/2002/instrument-id-ISIN-1-0">JP310504B117</instrumentId>
              <couponRate>0.02</couponRate>
              <maturity>2004-01-26</maturity>
            </bond>
            <primaryObligorReference href="referenceEntity" />
          </referenceObligation>
        </referenceInformation>
      </generalTerms>
      <feeLeg>
        <periodicPayment>
          <paymentFrequency>
            <periodMultiplier>3</periodMultiplier>
            <period>M</period>
          </paymentFrequency>
          <firstPaymentDate>2003-03-05</firstPaymentDate>
          <rollConvention>5</rollConvention>
          <fixedAmountCalculation>
            <fixedRate>0.007</fixedRate>
          </fixedAmountCalculation>
        </periodicPayment>
      </feeLeg>
      <protectionTerms>
        <calculationAmount>
          <currency>JPY</currency>
          <amount>500000000</amount>
        </calculationAmount>
        <creditEvents>
          <restructuring>
            <applicable>true</applicable>
            <restructuringType>R</restructuringType>
          </restructuring>
        </creditEvents>
      </protectionTerms>
    </creditDefaultSwap>
    <documentation>
      <masterConfirmation>
        <masterConfirmationType>ISDA1999Credit</masterConfirmationType>
        <masterConfirmationDate>2002-02-02</masterConfirmationDate>
      </masterConfirmation>
    </documentation>
  </trade>
  <party id="party1">
    <partyId>XYZBICXXX</partyId>
    <partyName>XYZ Bank</partyName>
  </party>
  <party id="party2">
    <partyId>ABCBICXXX</partyId>
    <partyName>ABC Bank</partyName>
  </party>
</dataDocument>

