<?xml version="1.0" encoding="utf-8"?>
<!--View is confirmation-->
<!--Version is 5-2-->
<!--NS is http://www.fpml.org/FpML-5/confirmation-->
<!--
        == Copyright (c) 2002-2011. All rights reserved.
        == Financial Products Markup Language is subject to the FpML public license.
        == A copy of this license is available at http://www.fpml.org/license/license.html
-->
<!--
Describes a trade that was removed because of a netting operation
-->
<clearingStatus xmlns="http://www.fpml.org/FpML-5/confirmation" xmlns:xsi="http://www.w3.org/2001/XMLSchema-instance" fpmlVersion="5-2" xsi:schemaLocation="http://www.fpml.org/FpML-5/confirmation ../../fpml-main-5-2.xsd http://www.w3.org/2000/09/xmldsig# ../../xmldsig-core-schema.xsd">
  <header>
    <messageId messageIdScheme="http://www.rbs.com/coding-scheme/message-id">R00ABC1</messageId>
    <sentBy messageAddressScheme="http://www.fpml.org/ext/iso9362">LCHLGB2LXXX</sentBy>
    <sendTo messageAddressScheme="http://www.fpml.org/ext/iso9362">XYZ_BANK</sendTo>
    <creationTimestamp>2010-01-04T08:57:00Z</creationTimestamp>
  </header>
  <correlationId correlationIdScheme="http://www.rbs.com/coding-scheme/trade-id">TRD0001</correlationId>
  <clearingStatusItem>
    <tradeIdentifier>
      <partyReference href="clearer" />
      <tradeId tradeIdScheme="http://lch.com/trade_id">LCH02</tradeId>
<!-- show's clearer's TID for the resulting cleared trade -->
    </tradeIdentifier>
    <clearingStatusValue>PendingTheirApproval</clearingStatusValue>
  </clearingStatusItem>
  <party id="clearer">
    <partyId partyIdScheme="http://www.fpml.org/ext/iso9362">LCHLGB2LXXX</partyId>
  </party>
</clearingStatus>

