<?xml version="1.0" encoding="utf-8"?>
<!--View is confirmation-->
<!--Version is 5-2-->
<!--NS is http://www.fpml.org/FpML-5/confirmation-->
<!--
  == Copyright (c) 2002-2011. All rights reserved.
  == Financial Products Markup Language is subject to the FpML public license.
  == A copy of this license is available at http://www.fpml.org/license/license.html
-->
<requestTradeReferenceInformationUpdate xmlns="http://www.fpml.org/FpML-5/confirmation" xmlns:xsi="http://www.w3.org/2001/XMLSchema-instance" fpmlVersion="5-2" xsi:schemaLocation="http://www.fpml.org/FpML-5/confirmation ../../fpml-main-5-2.xsd http://www.w3.org/2000/09/xmldsig# ../../xmldsig-core-schema.xsd">
  <header>
    <messageId messageIdScheme="http://www.abc.com/messageId">111</messageId>
    <sentBy messageAddressScheme="http://www.clearingsvc.com/partyId">CLEARCO</sentBy>
    <sendTo messageAddressScheme="http://www.clearingsvc.com/partyId">ABC</sendTo>
    <creationTimestamp>2006-01-01T09:07:00+05:00</creationTimestamp>
  </header>
  <isCorrection>false</isCorrection>
  <correlationId correlationIdScheme="http://www.abc.com/conversationId/OTC">222</correlationId>
  <sequenceNumber>1</sequenceNumber>
  <tradeReferenceInformation>
    <partyTradeIdentifier>
      <partyReference href="clearing-svc" />
      <tradeId tradeIdScheme="http://www.clearingsvc.com/tradeId/OTC">SVC_001</tradeId>
    </partyTradeIdentifier>
    <partyTradeIdentifier>
      <partyReference href="member-firm" />
      <tradeId tradeIdScheme="http://www.abc.com/tradeId/OTC">ABC999</tradeId>
    </partyTradeIdentifier>
  </tradeReferenceInformation>
  <party id="clearing-svc">
    <partyId>CLEARCO</partyId>
  </party>
  <party id="member-firm">
    <partyId>ABCBIC123</partyId>
  </party>
</requestTradeReferenceInformationUpdate>

